id,link
0,https://parkinlyon.fr/parking/p-r-gorge-de-loup
1,https://parkinlyon.fr/parking/p-r-oullins-sud
2,https://parkinlyon.fr/parking/p-r-meyzieu-panettes
3,https://parkinlyon.fr/parking/p-r-vaulx-en-velin-la-soie
4,https://parkinlyon.fr/parking/p-r-mermoz
5,https://parkinlyon.fr/parking/p-r-vaise-2
6,https://parkinlyon.fr/parking/p-r-laurent-bonnevay
7,https://parkinlyon.fr/parking/parking-bellecour
8,https://parkinlyon.fr/parking/p-r-parilly
9,https://parkinlyon.fr/parking/p-r-cuire
10,https://parkinlyon.fr/parking/p-r-meyzieu-zi
11,https://parkinlyon.fr/parking/lyon-eurexpo
12,https://parkinlyon.fr/parking/p-r-vaise-1
13,https://parkinlyon.fr/parking/p-r-venissieux
14,https://parkinlyon.fr/parking/parking-antonin-poncet
15,https://parkinlyon.fr/parking/p-r-porte-des-alpes
16,https://parkinlyon.fr/parking/parking-cordeliers
17,https://parkinlyon.fr/parking/p-r-feyssine
18,https://parkinlyon.fr/parking/gare-de-givors-ville
19,https://parkinlyon.fr/parking/p-r-decines-grand-large
20,https://parkinlyon.fr/parking/cc-carre-de-soie-vaulx-en-velin
