Nom,Lien,Places
Parc Relais Gorge de Loup,https://parkinlyon.fr/parking/p-r-gorge-de-loup,0/680
Parc Relais Oullins Sud,https://parkinlyon.fr/parking/p-r-oullins-sud,1/306
Parc Relais Meyzieu Panettes,https://parkinlyon.fr/parking/p-r-meyzieu-panettes,289/590
Parc Relais Vaulx en Velin La Soie,https://parkinlyon.fr/parking/p-r-vaulx-en-velin-la-soie,0/471
Parc Relais Mermoz,https://parkinlyon.fr/parking/p-r-mermoz,1/418
Parc Relais Vaise 2,https://parkinlyon.fr/parking/p-r-vaise-2,334/748
Parc Relais Laurent Bonnevay,https://parkinlyon.fr/parking/p-r-laurent-bonnevay,159/647
Parking Bellecour,https://parkinlyon.fr/parking/parking-bellecour,Error !
Parc Relais Parilly,https://parkinlyon.fr/parking/p-r-parilly,3/310
Parc Relais Cuire,https://parkinlyon.fr/parking/p-r-cuire,0/80
Parc Relais Meyzieu ZI,https://parkinlyon.fr/parking/p-r-meyzieu-zi,0/473
Lyon Eurexpo,https://parkinlyon.fr/parking/lyon-eurexpo,Error !
Parc Relais Vaise 1,https://parkinlyon.fr/parking/p-r-vaise-1,17/521
Parc Relais Vénissieux,https://parkinlyon.fr/parking/p-r-venissieux,722/745
Parking Antonin Poncet,https://parkinlyon.fr/parking/parking-antonin-poncet,82/709
Parc Relais Porte des Alpes,https://parkinlyon.fr/parking/p-r-porte-des-alpes,173/390
Parking Cordeliers,https://parkinlyon.fr/parking/parking-cordeliers,85/778
Parc Relais Feyssine,https://parkinlyon.fr/parking/p-r-feyssine,Error !
Gare de Givors Ville,https://parkinlyon.fr/parking/gare-de-givors-ville,Error !
Parc Relais Décines Grand Large,https://parkinlyon.fr/parking/p-r-decines-grand-large,55/57
CC Carré de Soie VAULX-EN-VELIN,https://parkinlyon.fr/parking/cc-carre-de-soie-vaulx-en-velin,0/1800
